first_name,last_name,uid,email,password,date_of_birth,phone_number,post_code,date_joined,is_active,is_staff,is_superuser,is_volunteer,dbs,username,city,county,address_line_1,address_line_2
Alex,Hanson,QHQwjyaxEr,to@cludit.com,BChQBiIuNJkSdJkGfzMA,1979-12-10,0909 879 0660,ML7 4UQ,2021-01-19 03:19:22.798455,True,False,False,True,1,to@cludit.com,,,,
Bill,Combs,yIbPUfmYQq,use@cor.co.uk,cHboRBcynXMgWJoleSrc,1958-11-21,(020)74960382,CR1 8ZF,2021-01-19 03:19:22.799125,True,False,False,True,1,use@cor.co.uk,,,,
Zachary,Moran,MOUdGDxnvs,Ban@Ame.biz,YaGcpNhxIGjbuYQrOhoY,1967-04-20,+44121 4960115,NW15 5ZH,2021-01-19 03:19:22.799952,True,False,False,True,1,Ban@Ame.biz,,,,
Gordon,Hodge,wqRCVkCsNc,the@have.net,WcABLfzYmLJwxOVyKkbS,1983-09-16,+44(0)191 496 0778,BN8 1RA,2021-01-19 03:19:22.800983,True,False,False,True,0,the@have.net,,,,
Amy,Hardin,ceAImYyYgT,thapar@cage.fr,FldQMvDpugoaxxrmSBso,1966-04-30,028 9018 0753,HG1H 3FX,2021-01-19 03:19:22.801881,True,False,False,True,0,thapar@cage.fr,,,,
Maurice,Esquivel,SvkGDyMGTp,ges@fieste.com,EoZIiqFcBZxsAOMsyYMu,1933-04-18,+44151 496 0115,W1E 1XP,2021-01-19 03:19:22.802681,True,False,False,True,0,ges@fieste.com,,,,
Nora,Phelps,cQMYYyABNQ,popurn@atenen.thas.gov,TZsmlXtIbMgxRFImCgHa,1978-06-13,(0808) 1570839,M7B 5YJ,2021-01-19 03:19:22.803741,True,False,False,True,0,popurn@atenen.thas.gov,,,,
Billy,Conner,FOsDwOyAHb,thican@as.com,apbhRRKNUPVbLoLZEOnD,1987-11-24,01214960232,M7 1FF,2021-01-19 03:19:22.804388,True,False,False,True,1,thican@as.com,,,,
Luis,Benitez,IuZpzfPMvd,prous200@cats.Amence.net,qvAghVLOFlxJjMNKryvt,1953-08-01,+44(0)113 496 0186,NG4V 3YS,2021-01-19 03:19:22.805533,True,False,False,True,1,prous200@cats.Amence.net,,,,
Joseph,Schmitt,GMDelNznuN,postat@spea.Citter.gov,LlEVtDiEzCDyxrTWmpLH,1990-05-15,(020) 74960477,RM5B 9EU,2021-01-19 03:19:22.806375,True,False,False,True,1,postat@spea.Citter.gov,,,,
Maurice,Boyer,QTNTvwztib,the@ska.sts.ru,GFtMfmjoyHqHxYminWJg,1990-12-31,+4420 7496 0533,M1 5GP,2021-01-19 03:19:22.807138,True,False,False,True,0,the@ska.sts.ru,,,,
Margie,Scott,IICgFNHlKP,th@therst.spher.com,XRRcsPxSswfPhchZjeMj,1932-01-12,0151 4960012,DT0W 0EH,2021-01-19 03:19:22.808269,True,False,False,True,0,th@therst.spher.com,,,,
Renee,Trevino,wozbQjsDKD,aretta@mereve.us,idupIQYTnhfeNlVBRvrX,1924-01-15,+44(0)2074960916,N1 9AH,2021-01-19 03:19:22.809370,True,False,False,True,1,aretta@mereve.us,,,,
Arlene,Richmond,xuvdOuQSEn,of.authit@the.fr,jhmPAnlqNeuERCHfBPzm,1935-02-25,+44(0)1164960173,TR0X 8SZ,2021-01-19 03:19:22.810396,True,False,False,True,0,of.authit@the.fr,,,,
Jordan,Vargas,fISkUuOLQk,at@thesin995.com,rHJMpHOqqfzkJrIKQbBM,1923-09-19,0115 4960413,M5 2BW,2021-01-19 03:19:22.811242,True,False,False,True,1,at@thesin995.com,,,,
Ruben,Herrera,mOBXJlRdRb,of@and.com,jgfarWxqtUwhQLkCMZVg,1998-10-29,+44(0)1514960091,IV3M 7YG,2021-01-19 03:19:22.812275,True,False,False,True,1,of@and.com,,,,
Phillip,Lara,rxgguroSuq,tognit.glocul@torne.biz,damuFzJuWTliZeAifNvy,1920-07-12,+44(0)29 2018302,N84 9TG,2021-01-19 03:19:22.813461,True,False,False,True,1,tognit.glocul@torne.biz,,,,
Leroy,Weber,wetvvbgvBp,imalue@sychad.co.uk,NhffWJwEliOlUFvBglVj,1947-05-13,(0113) 496 0769,M5G 2XA,2021-01-19 03:19:22.814322,True,False,False,True,1,imalue@sychad.co.uk,,,,
Edith,Avalos,dbEddGUpXu,Espros@a.co.uk,XLtPHEFBLpJEziOmLaDX,1949-08-05,+44(0)151 496 0150,M2D 5ZN,2021-01-19 03:19:22.815354,True,False,False,True,0,Espros@a.co.uk,,,,
Marlene,Weeks,ErHMUXenjl,so.The@ention.co.uk,KsCvODBQeSNahOQTHhIG,1968-07-25,(029) 2018599,M66 0ZH,2021-01-19 03:19:22.816917,True,False,False,True,0,so.The@ention.co.uk,,,,
Valerie,Dejesus,mIdbhByCNb,expold@mi.gov,WkOhIdfXKjBYWXyxhGyM,1994-07-28,+44(0)29 2018523,W69 0RY,2021-01-19 03:19:22.818168,True,False,False,False,False,expold@mi.gov,,,,
Neil,Tyler,NQBdRojrZE,ining@ands.fr,WMNEcSwgOWalrLZNNFli,1993-02-24,+44(0)1414960027,M2 8UX,2021-01-19 03:19:22.819257,True,False,False,False,False,ining@ands.fr,,,,
Gordon,Mccarthy,KMZcgDxuXz,196@EE.sed.co.uk,hthSLgrBEJRjPpuAmTBl,1981-06-04,+44(0)20 74960007,HA7 6HX,2021-01-19 03:19:22.820777,True,False,False,False,False,196@EE.sed.co.uk,,,,
Jeanette,Bernal,IMVpqtsDqF,of@Thumás.com,DDYlxEVNMPZVhtIiGBUT,1956-04-23,+4428 9018 0120,SK65 3AA,2021-01-19 03:19:22.821782,True,False,False,False,False,of@Thumás.com,,,,
Philip,Harrington,KxuxDTtPVN,perinc@imor.com,tTLrGAafoJBRFqVgnSyE,1945-02-20,+44808 157 0891,E93 4GE,2021-01-19 03:19:22.823008,True,False,False,False,False,perinc@imor.com,,,,
Alfred,Hail,NSoHgLMQuJ,therit@fing.net,KRYLGhWWSzyvOcTnfaqf,1934-10-20,0161 4960610,LD1 2WQ,2021-01-19 03:19:22.824151,True,False,False,False,False,therit@fing.net,,,,
Tyler,Dodson,RoGQZgcENZ,alligh@unts.edu,XPADFbMDBHUqyjbHCZIO,1953-08-14,(0115)4960240,B3 8PQ,2021-01-19 03:19:22.825070,True,False,False,False,False,alligh@unts.edu,,,,
Wayne,Conner,ARixJvNPGL,and@Ease.net,gGoqUMHDPOGZeGNBxJKk,2001-11-22,020 74960097,RM7X 5XG,2021-01-19 03:19:22.826146,True,False,False,False,False,and@Ease.net,,,,
James,Higgins,dFXWRTcIQB,1@arligh.in.net,PwgqfJHFgTfavDQYceGC,1988-05-24,(0117)4960694,G2 5PQ,2021-01-19 03:19:22.827174,True,False,False,False,False,1@arligh.in.net,,,,
Linda,Beil,uPVmvKeWiE,cord621@as.com,ftDOCoYhqDxqzdlZsgTm,1969-11-03,(01632) 960 159,B4 2YN,2021-01-19 03:19:22.827961,True,False,False,False,False,cord621@as.com,,,,
Ian,Knox,qGUQtRjMmQ,istage259@World.org,IuwvBayiLMcFxmCrziiK,1963-01-26,+441314960682,CH7 0NG,2021-01-19 03:19:22.828828,True,False,False,False,False,istage259@World.org,,,,
Bernard,Nichols,OLSlSutPgh,of753@citype656.gov,mkBthjVLAYVlGLlGyDzi,1962-12-12,(0909) 879 0814,WA54 1EX,2021-01-19 03:19:22.829497,True,False,False,False,False,of753@citype656.gov,,,,
Eleanor,Thomas,ubJidOxntX,of.pand@he.fr,lavgQpPmXFixjRWdPESZ,1967-03-13,(0161) 496 0755,W1 6BN,2021-01-19 03:19:22.830438,True,False,False,False,False,of.pand@he.fr,,,,
Kent,Bishop,MUhoyXWkZh,de@anichi.co.com,ooCWjPrfwNZOdIPTRHSJ,1921-01-28,0131 4960229,TS11 3JB,2021-01-19 03:19:22.831390,True,False,False,False,False,de@anichi.co.com,,,,
Robert,Moyer,WZUGVFeISy,he299@and.forion.gov,qOzRsHyqNJdlbLcItPKE,1927-07-18,01414960016,M7H 6DQ,2021-01-19 03:19:22.832379,True,False,False,False,False,he299@and.forion.gov,,,,
Megan,Schmitt,JiWeGvxqvY,efielo.fored@up.refirs.com,NtlqmkTcCyTEnzKENsax,1932-11-25,+441174960492,DG51 0WT,2021-01-19 03:19:22.833967,True,False,False,False,False,efielo.fored@up.refirs.com,,,,
Cora,Callahan,jcLpvecmHw,usebtr.or@fiermy.bech.gov,BoyPGuFcIpTAgNGeQFfk,1938-07-03,0306 999 0317,EN30 9FE,2021-01-19 03:19:22.835395,True,False,False,False,False,usebtr.or@fiermy.bech.gov,,,,
Melissa,Stokes,tqvJRSfanM,caledy.winly@8thape.fr,XUWJyVVUhixojmzLNLVW,1994-09-04,01174960765,G1K 2YR,2021-01-19 03:19:22.836436,True,False,False,False,False,caledy.winly@8thape.fr,,,,
Roberta,Weaver,xQJTZOpVIh,by@the.gov,rccXkxxUdSHeWVOECPJT,1943-05-11,+4428 9018687,WV5R 3XZ,2021-01-19 03:19:22.837046,True,False,False,False,False,by@the.gov,,,,
Jerome,Calhoun,rJOZMgbPNA,of@by.biz,IMqggZMIlbggPjIKPpPz,2001-08-26,+441174960055,BD8 4ZF,2021-01-19 03:19:22.837626,True,False,False,False,False,of@by.biz,,,,
Ryan,Reilly,WgXpPqXzfh,an@and.anises.gov,bqjMftzmJjEFyElRIALk,1942-03-22,+44(0)8081570694,SO7B 8BD,2021-01-19 03:19:22.838394,True,False,False,False,False,an@and.anises.gov,,,,
Ellen,Perry,OovetqBeMg,con@ced904.tv,wbuRDhvpUCZVoHNGWdis,1983-01-13,+44(0)117 496 0204,W5 2TQ,2021-01-19 03:19:22.839031,True,False,False,False,False,con@ced904.tv,,,,
Tonya,Frost,uJYFetTygW,Thenta@dintri.co.uk,kNXngkgUMNTSnqQGqoaj,1945-10-25,+44(0)161 496 0688,E8 6HN,2021-01-19 03:19:22.839734,True,False,False,False,False,Thenta@dintri.co.uk,,,,
Herbert,Andrade,IfDyOPnGKc,win.botion@thated900.org,zKogdSdQFEqQgOEgQhQU,1932-06-02,(0191)4960967,PL93 0GN,2021-01-19 03:19:22.840568,True,False,False,False,False,win.botion@thated900.org,,,,
Jessie,Schroeder,qIHxxywoUQ,ar@heorts.gov,aMgOrfetSOvgbYvmkdie,1938-01-05,+44(0)161 496 0945,W4 6RR,2021-01-19 03:19:22.841402,True,False,False,False,False,ar@heorts.gov,,,,
Courtney,Rivers,QbUPSkuxcn,maxime@thadde.net,KkOcrqMeBLqlJJyIYnML,1984-02-23,(0114) 496 0223,SS5 0US,2021-01-19 03:19:22.842029,True,False,False,False,False,maxime@thadde.net,,,,
Bertha,Prince,SqWetqnPVX,bee.phorma@of.co.uk,cvUqAZgyGrpQhqaptZzX,1989-03-27,0116 496 0791,SN2N 0ZT,2021-01-19 03:19:22.842793,True,False,False,False,False,bee.phorma@of.co.uk,,,,
Ivan,Owens,oyylvpTGsG,of@adeens.net,rCbCZwTTiUUHemVMtvGr,1939-08-07,01414960701,TF20 9ZF,2021-01-19 03:19:22.843409,True,False,False,False,False,of@adeens.net,,,,
Bryan,Correa,xMHOWmOlhf,The@the.com,ZgVwtNGmjUdxwxbrLzJL,1945-11-01,(028)9018518,HS3P 1BZ,2021-01-19 03:19:22.844090,True,False,False,False,False,The@the.com,,,,
Ramona,Orr,sxhOsTDesG,ary.an@The.biz,nsQECPRMYUogTpXcqeRr,1982-01-14,+44(0)292018795,CM9M 6NE,2021-01-19 03:19:22.844858,True,False,False,False,False,ary.an@The.biz,,,,
Edward,Pacheco,sfilwbrlmk,of.nustio@of.org,xsLQYSgHhvqPAtgMHCdE,1929-10-07,0191 498 0306,IG37 1BB,2021-01-19 03:19:22.845806,True,False,False,False,False,of.nustio@of.org,,,,
Jesus,Graham,qrmoXgHbWn,IIAGV@parcia.net,HicSrNkopnOnsCyXtMCP,1938-06-02,(0161) 4960408,OL9H 1WW,2021-01-19 03:19:22.846474,True,False,False,False,False,IIAGV@parcia.net,,,,
Bonnie,Patton,OmjjOdhXzX,anian@Unitin330.fr,oKNlxSMBpQNpTCtGTKfX,1939-07-31,+44(0)1414960841,S96 1SD,2021-01-19 03:19:22.847231,True,False,False,False,False,anian@Unitin330.fr,,,,
Norma,Crane,oscmtfeqvE,stut@Typtio.druces.org,bRuSvNKodUsBHhpekmCS,1924-12-30,0115 4960620,KY60 5LD,2021-01-19 03:19:22.848156,True,False,False,False,False,stut@Typtio.druces.org,,,,
Veronica,Magana,nrBwZvhumu,corles.moveru@the.com,BVSApMVTDHCtinhZjnQw,1967-04-26,+44131 496 0115,BB5N 0JQ,2021-01-19 03:19:22.849296,True,False,False,False,False,corles.moveru@the.com,,,,
April,Glover,ekzFrdyFnY,Walit@compar.ru,IZzzQlROSsrHWZYzpkIW,1993-02-20,+44114 496 0923,L1 4QA,2021-01-19 03:19:22.850115,True,False,False,False,False,Walit@compar.ru,,,,
Jean,Sierra,ngkJCAgnzg,cat@colicl.com,CsBedZxkHQKVwsFhIQyO,1958-09-23,+44(0)20 74960322,CH75 2AH,2021-01-19 03:19:22.850773,True,False,False,False,False,cat@colicl.com,,,,
Anne,Choi,PfeLiOZaTX,Arkenz@an.sounic.ru,UGSLsvCXRTUOAteneHAG,1923-09-27,+441314960574,WS8 2YD,2021-01-19 03:19:22.851865,True,False,False,False,False,Arkenz@an.sounic.ru,,,,
Nancy,Hancock,WukZFkybvy,an@sysich.com,hNXtRVbQJJUcFAHgEBtF,1938-09-12,01154960894,S22 5WJ,2021-01-19 03:19:22.852704,True,False,False,False,False,an@sysich.com,,,,
Sonia,Marin,qNEguPAezU,te@con.jp,aNmWbcZRfylEFUVxNDFh,1927-06-13,0118 496 0245,SE02 6DD,2021-01-19 03:19:22.853306,True,False,False,False,False,te@con.jp,,,,
Carlos,Richardson,OrJvEHORTh,a@Operes.tv,uFwoeCoyQYXAVSYJKqAr,1949-04-26,+44(0)115 496 0648,ST29 4QD,2021-01-19 03:19:22.853962,True,False,False,False,False,a@Operes.tv,,,,
Dennis,Meza,PpvxuhADGd,thate@stude.org,uLtakvDXPCBSaWtNOXtS,1983-12-27,(0118) 496 0758,S6 6PT,2021-01-19 03:19:22.854623,True,False,False,False,False,thate@stude.org,,,,
Dwight,Walton,ambDrezZxc,havarg@wincei.jp,AIbfdRbZfewHaBpBgPtJ,1934-08-05,(0117) 4960547,G1 1XZ,2021-01-19 03:19:22.855524,True,False,False,False,False,havarg@wincei.jp,,,,
Karen,Strong,jtQgbQFzVb,ted@wased670.com,XIcGXamByzzyXtOmpKHH,1920-06-26,+44292018276,S62 7PW,2021-01-19 03:19:22.856174,True,False,False,False,False,ted@wased670.com,,,,
Marie,Wood,pfUKGpUToq,of.driet@thater.biz,JWSARAbaXFNQNcmgIRZe,1941-04-09,0116 496 0571,SY34 7ZT,2021-01-19 03:19:22.857165,True,False,False,False,False,of.driet@thater.biz,,,,
Stella,Christian,stDgQsfgaL,and@end546.com,MEfBvGzCwavqycdvOJnB,1933-10-24,0113 4960341,GU8W 6UD,2021-01-19 03:19:22.857802,True,False,False,False,False,and@end546.com,,,,
Nora,Singleton,mwvNnstZGa,the@twor.jp,fMsabIspdjlCTlhvFOrx,1925-10-31,(029)2018738,FY01 0AL,2021-01-19 03:19:22.858612,True,False,False,False,False,the@twor.jp,,,,
Lauren,Burns,nGVqLxlBbo,eirsed@caredu.com,WvWXbgtClTRuSgSurdLW,1999-08-05,(0141)4960896,CF45 3ZD,2021-01-19 03:19:22.859299,True,False,False,False,False,eirsed@caredu.com,,,,
Stanley,Haynes,IfqtTtvEhr,riffes@Ons685.jp,JppsVUZqYGUsSMApZBiy,1981-02-13,+44(0)113 496 0144,N1J 2DS,2021-01-19 03:19:22.860023,True,False,False,False,False,riffes@Ons685.jp,,,,
Olga,Leon,FHJxGpCnhp,mente111@cout.jp,yIjxVPZIKqKpflwrVcdW,1982-07-13,(0909) 8790448,L81 8RL,2021-01-19 03:19:22.861191,True,False,False,False,False,mente111@cout.jp,,,,
Jim,Simmons,urjjbLbmwA,of@al.com,RZclmkqYBwlvHqhLYuRb,1996-12-28,01214960759,CR2B 6RY,2021-01-19 03:19:22.861974,True,False,False,False,False,of@al.com,,,,
Morris,Esquivel,QTNFggxbfr,cial@the.jp,biiniSmFOMgFxyENcoGm,1931-10-15,+44(0)1514960284,RG7 3UU,2021-01-19 03:19:22.862789,True,False,False,False,False,cial@the.jp,,,,
Daniel,Grimes,JZoYkBkoOI,US@hintin.com,VqrfHJBbxkutjfUMbZYP,1952-07-07,+44(0)29 2018 0857,BN7M 7BZ,2021-01-19 03:19:22.863439,True,False,False,False,False,US@hintin.com,,,,
Marlene,Aguirre,pEFlWWvjsZ,TV5@appeco.org,lVLaPvOqubbONWzRMwSx,1971-05-08,+44117 4960057,WV08 1RA,2021-01-19 03:19:22.864172,True,False,False,False,False,TV5@appeco.org,,,,
Heather,Farrell,FDzrWFgepm,den@wast.Fain.net,hodQWqexsQKKkFnEzyOX,1922-10-28,+441314960019,M4 2YN,2021-01-19 03:19:22.864967,True,False,False,False,False,den@wast.Fain.net,,,,
Thomas,Wang,mwKjvWcPVW,insete@of.com,rgBsQRkyhKWpoSAjDpVF,1942-07-18,0117 496 0167,HP6E 6SF,2021-01-19 03:19:22.865637,True,False,False,False,False,insete@of.com,,,,
Victoria,Matthews,WNVuNlpmfs,Engin@Powerc.Ban.org,FYAvHWoKoJvPgSvGSaYe,1966-12-21,+44151 496 0285,L27 6SU,2021-01-19 03:19:22.866601,True,False,False,False,False,Engin@Powerc.Ban.org,,,,
Antonio,Rojas,fbVFyESyMU,apirma@res.tv,vVzhMJSQzdxajPPikIwq,1973-04-13,(0141) 496 0337,B60 1GQ,2021-01-19 03:19:22.867344,True,False,False,False,False,apirma@res.tv,,,,
Milton,Mcclain,tkcrSmQTlo,Extrib.grommi@in.com,XnSiEuoFyzQZjNimNUpF,1920-05-14,01144960239,PO1 5ST,2021-01-19 03:19:22.868418,True,False,False,False,False,Extrib.grommi@in.com,,,,
Rita,Estes,TGnYiKzKLG,re@has.ru,aGUGrnNFdbwydVIkHSOJ,1952-12-08,0114 4960886,W7E 3PL,2021-01-19 03:19:22.869041,True,False,False,False,False,re@has.ru,,,,
Leon,Bentley,jeLHEVvAGd,Amen@Marmay.com,ClFMXvYAoIydxIKBCKOy,1991-12-17,+44(0)113 4960002,AB4 2DS,2021-01-19 03:19:22.869682,True,False,False,False,False,Amen@Marmay.com,,,,
Glenn,Garza,ZGjsaVDTUs,Por@the.the.net,mjLmMEMyVtbjGetADLvc,1924-04-01,+4429 2018 0396,L7D 9EZ,2021-01-19 03:19:22.870724,True,False,False,False,False,Por@the.the.net,,,,
Joanna,Grimes,PrzBKqwuOW,dopulp@lito182.tv,tajQZanltBPNJzaOkMOF,1996-10-03,+44(0)909 8790155,W5E 8BH,2021-01-19 03:19:22.871562,True,False,False,False,False,dopulp@lito182.tv,,,,
Diane,Leon,sdkTpUEsKn,wis@hildev.com,mEVmGAzCwcPXePQHejYh,1944-08-14,+44(0)131 4960138,DG3 4NW,2021-01-19 03:19:22.872237,True,False,False,False,False,wis@hildev.com,,,,
Nancy,Nixon,eXQWZFoZPH,of355@ishali.com,eJwZtnTAEPHHKIGHCerA,1921-01-08,(0909) 8790647,WR3 4XD,2021-01-19 03:19:22.872857,True,False,False,False,False,of355@ishali.com,,,,
Tina,Buckley,dZSJSYGOvF,ar632@liescr.was.com,jSPhWCkklPxGlcQSkHoB,1984-11-17,01134960777,S7 7ED,2021-01-19 03:19:22.874079,True,False,False,False,False,ar632@liescr.was.com,,,,
Sidney,Barrera,kgzsDpIADX,km459@a.jp,JpCrucabzvjWUuODCCbf,1982-06-28,+441144960312,WV37 6XR,2021-01-19 03:19:22.874814,True,False,False,False,False,km459@a.jp,,,,
Edward,Santana,ZYGHOeDzDr,of@cialli.co.uk,TCkNepzdjQkilkPFtwqH,1966-04-28,+44(0)113 4960237,G45 6EX,2021-01-19 03:19:22.875724,True,False,False,False,False,of@cialli.co.uk,,,,
Anne,Barber,SEGhpcjKQZ,Gamate@un.Griage.com,nneQTcogWqqvcIPyqbfY,1944-07-14,0121 4960983,GY7V 8LL,2021-01-19 03:19:22.876740,True,False,False,False,False,Gamate@un.Griage.com,,,,
Bernard,Franco,COcHwKyZST,ancite@ing.com,BKdUHeRupqVzkFJayviN,1925-02-08,+44(0)1174960019,CB2Y 3HN,2021-01-19 03:19:22.877867,True,False,False,False,False,ancite@ing.com,,,,
Tara,Walker,jwCpPlYXoF,perse@the.com,LSZXHtstzCEpEIUuIreM,1969-01-30,+44(0)909 879 0088,WF01 4EY,2021-01-19 03:19:22.878703,True,False,False,False,False,perse@the.com,,,,
Lisa,Roach,mzWNPVZQSJ,fulanu@whisti.com,vANxziyuacRPSDZuNHDq,1930-04-29,+44131 4960384,L18 5JQ,2021-01-19 03:19:22.879582,True,False,False,False,False,fulanu@whisti.com,,,,
Jack,Carpenter,lNkPHOTCHB,Copme@dineog.fr,QrHaqoRJDlkJcMzuzvmX,1926-02-18,(028) 9018749,G08 5YA,2021-01-19 03:19:22.880241,True,False,False,False,False,Copme@dineog.fr,,,,
Marian,Dougherty,MJBlYiFXnZ,10@the.org,dkfMLhHaDmcBgCBIvtfJ,1969-12-13,(0808) 157 0262,E23 9HJ,2021-01-19 03:19:22.881053,True,False,False,False,False,10@the.org,,,,
Tara,Hahn,xCwiUxDeJs,a@int345.gov,GFLyMSHPHdqCgcnWmhac,1937-08-10,+441632 960236,PL9 7EZ,2021-01-19 03:19:22.881805,True,False,False,False,False,a@int345.gov,,,,
Derrick,Valencia,BeCXXLBaHB,inamos@in.ru,ovfaGbxtUMweYzYLVPkg,1999-02-08,+44(0)808 157 0089,LU7 0JX,2021-01-19 03:19:22.882753,True,False,False,False,False,inamos@in.ru,,,,
Natasha,Doyle,PkwhwSzQrN,in@where.gov,sCHwnLJtpqbdxLqdAvrp,1995-07-09,+44(0)289018277,N1E 9RH,2021-01-19 03:19:22.883580,True,False,False,False,False,in@where.gov,,,,
Shawn,Bridges,CUvOWhgmWx,conly@an.com,sRkIrXJrhBXKOGKhkaGe,1947-01-15,+44808 157 0546,L0 3PT,2021-01-19 03:19:22.884285,True,False,False,False,False,conly@an.com,,,,
Elizabeth,Mcdaniel,KkRYctYZnL,dayed@gre.fr,ZVjmdxlYzWupWppwjnDC,1950-03-13,(029) 2018 0345,CW4A 9XB,2021-01-19 03:19:22.885454,True,False,False,False,False,dayed@gre.fr,,,,
Jamie,Fuentes,cCAtsKOfTO,go37@whil.lowee.edu,sJnVknRSMHeECOuWsiUl,1957-11-21,+441632 960250,RG00 0AJ,2021-01-19 03:19:22.886410,True,False,False,False,False,go37@whil.lowee.edu,,,,
Leslie,Ball,NzvhRPQGbB,and@to.net,QCLcjqgYOMJghFYWVuZl,1932-03-28,+44(0)289018510,SE6 3TS,2021-01-19 03:19:22.887040,True,False,False,False,False,and@to.net,,,,
Arlene,Baker,tcYLyIbLXc,199000@that.co.uk,CntVOtoGGGOxxJteoWkD,1941-09-21,0116 496 0542,HP6P 6LX,2021-01-19 03:19:22.887731,True,False,False,False,False,199000@that.co.uk,,,,
Phillip,Bravo,vNodQvdWLM,6656@ounito.biz,nksZnJCeNRfBcNINhRWO,1955-07-08,(0191) 4960709,S6 0WF,2021-01-19 03:19:22.888474,True,False,False,False,False,6656@ounito.biz,,,,
Velma,Proctor,xZSYdFGTiX,rears.compla@Wast.com,KFLnxVcEaTnKhjosQKNp,1964-02-11,(028) 9018 0821,EC2 0GX,2021-01-19 03:19:22.889455,True,False,False,False,False,rears.compla@Wast.com,,,,
Philip,Howard,QTkEMRwaEk,Amems@of.com,VDNDOZmwbsjcGIeFirYe,1995-08-05,+44116 4960169,W2 4PR,2021-01-19 03:19:22.890231,True,False,False,False,False,Amems@of.com,,,,
Hazel,Barry,JtgxJuwSCk,Egypet@Stalgi.biz,rDbQKlLuQkQYllwYBGGe,1967-08-31,+44113 496 0071,GY2 3WQ,2021-01-19 03:19:22.890996,True,False,False,False,False,Egypet@Stalgi.biz,,,,
Ben,Webb,VTdLSGMOCJ,Worly@mous.tv,mTRqoBmITFPxDsMEADHC,1992-10-30,(0116)4960654,IV04 8UB,2021-01-19 03:19:22.892502,True,False,False,False,False,Worly@mous.tv,,,,
Jordan,Strickland,jysXLRQKGr,eactio775@30.gov,KVtSwIKsuKSjDQlIfifs,1951-06-30,(0306)9990898,SL0 6ER,2021-01-19 03:19:22.893138,True,False,False,False,False,eactio775@30.gov,,,,
Kathy,Durham,yrtgEdqgFu,Major@is.edu,LWSXurjlENCPQGEzGVWE,1946-04-20,(0131) 4960700,ST0 9NH,2021-01-19 03:19:22.893775,True,False,False,False,False,Major@is.edu,,,,
Johnnie,Floyd,mWldNmdOBz,un@of.net,VXasluLicCGnbtDWazKK,1987-07-19,(0306) 999 0885,WA43 9PJ,2021-01-19 03:19:22.894348,True,False,False,False,False,un@of.net,,,,
Juanita,Harrington,BrjzVLTqpL,land.28@sin.net,rMRKccwxNsBarTiHuMsv,1965-08-25,+4420 7496 0852,N09 9FQ,2021-01-19 03:19:22.895114,True,False,False,False,False,land.28@sin.net,,,,
Andrew,Compton,IBTZWtOnyB,of@th.edu,PBLreSfGHVyQdVFrBaaO,1975-03-14,+441314960445,TN69 2AF,2021-01-19 03:19:22.895990,True,False,False,False,False,of@th.edu,,,,
Marion,Arnold,MKGEgLwuSK,extbat@comple.edu,YzTyAzNyGBkuANVeXXHe,1988-01-01,020 74960072,AL7 9HD,2021-01-19 03:19:22.896655,True,False,False,False,False,extbat@comple.edu,,,,
David,Phillips,QvvVAnDNru,affini.bourow@the.80s.biz,EAVsSqpAtRhfiTAkVjgI,1996-09-28,+441914960642,G1S 9EW,2021-01-19 03:19:22.897603,True,False,False,False,False,affini.bourow@the.80s.biz,,,,
Marlene,Quintero,uOhKBRrrTF,ocef@Call.com,biJjrmxlwgYyuVQYwFeS,1997-08-04,(028)9018896,FK44 6LL,2021-01-19 03:19:22.898325,True,False,False,False,False,ocef@Call.com,,,,
Don,Burnett,hJPCQfGLxA,forect@A.edu,oYDdBjRWvoPcnudDYLqz,1947-05-27,(0191)4960885,DG6 0WF,2021-01-19 03:19:22.898934,True,False,False,False,False,forect@A.edu,,,,
Casey,Tyler,yjZMwrAVCb,Atlics975@histan.jp,aDXgipcJrdtGxIwUqBoS,1923-03-26,+443069990965,BD86 0QW,2021-01-19 03:19:22.899658,True,False,False,False,False,Atlics975@histan.jp,,,,
Todd,Lindsey,UDmOemvdTD,Pation@forion.org,yKQMXPhZyTJvXeqyPvUS,1935-06-04,(0116) 4960357,L9 4GS,2021-01-19 03:19:22.900634,True,False,False,False,False,Pation@forion.org,,,,
Harriet,Hensley,WKERfsSJNM,clow.deve@ditate.ru,raFIdlpMHWgSkdvKtIwv,1945-03-16,+44114 4960973,SP7V 3GT,2021-01-19 03:19:22.901637,True,False,False,False,False,clow.deve@ditate.ru,,,,
Dave,Alvarado,bHtABlnFWs,19the@Grecti.co.uk,wzaFDYVCDtpYYQeAabPu,1970-12-27,(0114) 4960664,KY5 1NA,2021-01-19 03:19:22.902284,True,False,False,False,False,19the@Grecti.co.uk,,,,
