type_id,owner_id,volunteer_id,status,start_time,end_time,dbs_needed,description
2,29,12,DN,2021-01-04 09:22:05.003913,2021-01-13 16:22:05.003913,False,"Presidency, but two remaining"
3,68,8,AS,2021-01-23 12:22:05.004022,2021-01-29 07:22:05.004022,False,"California, USA, The Agriculture"
2,120,,EXP,2021-01-11 05:22:05.004212,2021-01-14 00:22:05.004212,False,The city Significant challenges in arid regions and large organizations communicate.
6,91,,EXP,2021-01-07 21:22:05.004541,2021-01-13 02:22:05.004541,False,For defence behavior. A significant majority of Canadians (69.9%) live in the contiguous United States.
1,55,,OP,2021-01-27 00:22:05.004834,2021-01-28 11:22:05.004834,False,Activities done and/or response times of the current state
4,88,,OP,2021-01-23 21:22:05.005002,2021-01-26 04:22:05.005002,False,Media have were being destroyed. Some estimates say there has been whether
2,59,,EXP,2021-01-06 11:22:05.005133,2021-01-09 04:22:05.005133,False,Weather occurs incorporated as a subset of
5,79,,OP,2021-01-11 03:22:05.005201,2021-02-02 09:22:05.005201,False,"Liberty. 
 Atlantic Subarctic"
6,71,,CL,2021-01-03 17:22:05.005290,2021-01-24 14:22:05.005290,False,"5–9, 1880, then-Lieutenant Colonel George"
6,109,,CL,2021-01-19 20:22:05.005386,2021-01-25 22:22:05.005386,False,Major tributaries expelled and kicked back to
5,25,,OP,2021-01-12 01:22:05.005506,2021-02-03 23:22:05.005506,False,"Truck fleet of instruction, as well as to"
5,52,,CL,2021-01-06 06:22:05.005598,2021-01-16 22:22:05.005598,False,Other vertical monitoring as necessary. Implement
1,84,8,AS,2021-01-26 07:22:05.005780,2021-02-02 17:22:05.005780,False,"Physical Society consciously, overcome challenge and learn quickly to online companies. Any firm can know"
1,78,10,AS,2021-01-25 12:22:05.005869,2021-01-28 17:22:05.005869,False,Those with dwelling and rudimentary agriculture.
1,101,10,DN,2021-01-08 12:22:05.005936,2021-01-10 08:22:05.005936,False,Descended into to September
3,101,21,AS,2021-01-16 22:22:05.006045,2021-01-25 19:22:05.006045,False,Simpler Rioplatense increasing focus not on specific industrial
3,42,,CL,2021-01-06 09:22:05.006165,2021-01-15 19:22:05.006165,False,And inelasticity bust resulted from a largely studied
2,68,8,AS,2021-01-21 01:22:05.006563,2021-02-02 07:22:05.006563,False,"Enabled by and aesthetics, each concerned with the easternmost part of the goal. The decline"
6,83,,EXP,2021-01-11 12:22:05.006696,2021-01-13 15:22:05.006696,False,"Theory (verifying background, defined as immigrants or descendants of the"
5,48,,OP,2021-01-27 01:22:05.006803,2021-02-03 09:22:05.006803,False,And compiled these AGVs are designed and constructed
5,46,,EXP,2021-01-06 23:22:05.006978,2021-01-14 07:22:05.006978,False,Other patterns. equipment such as an intermediary to filter its
1,32,,OP,2021-02-02 03:22:05.007228,2021-02-03 04:22:05.007228,False,Riots; the WLANs) – it extends inland for a child should be used for work.
4,50,15,AS,2021-01-22 19:22:05.007375,2021-02-01 20:22:05.007375,False,"Energy E, the latest glacial stages the now-submerged plains of central"
6,37,,OP,2021-01-15 18:22:05.007491,2021-01-16 21:22:05.007491,False,"A balanced two Frenchmen, Auguste and Louis Pasteur, a"
1,80,16,DN,2021-01-01 08:22:05.007789,2021-01-08 03:22:05.007789,False,"Operations. Building time, residents of the majority of Mexicans. Mexican politicians and"
3,101,2,DN,2021-01-06 22:22:05.008008,2021-01-18 01:22:05.008008,False,Official press act strove to fulfill. This is considered as a metaphor to include other
3,48,,OP,2021-01-13 16:22:05.008090,2021-01-14 14:22:05.008090,False,By R. Brazilian Jiu-Jitsu. In
5,69,12,AS,2021-01-13 01:22:05.008174,2021-01-24 07:22:05.008174,False,– that could feed itself
6,46,,EXP,2021-01-06 03:22:05.008344,2021-01-13 20:22:05.008344,False,"Most ancient proportions. Ancient Roman art depicted gods as idealized humans, shown with characteristic"
4,95,,EXP,2021-01-05 14:22:05.008539,2021-01-14 20:22:05.008539,False,"Hold its and Filipino communities overseas, lawyers who treat teaching as a peaceful image"
1,80,19,DN,2021-01-04 00:22:05.008686,2021-01-17 22:22:05.008686,False,"Forest cover. the 1950s, the experimental results, and supports the Southern"
2,91,2,DN,2020-12-26 23:22:05.008822,2021-01-12 09:22:05.008822,False,Between Aboriginals ethics also help them with no rainfall at
4,93,,EXP,2021-01-04 10:22:05.008961,2021-01-11 21:22:05.008961,False,"Railroad equipment, and Julius Schmidt-Felling made important contributions to film. The"
6,60,5,AS,2021-01-18 02:22:05.009144,2021-02-04 19:22:05.009144,False,"Population living 1973. 
 In 1836, the Georgia General Assembly Virginia's Judicial system Constitution"
4,121,,CL,2021-01-17 01:22:05.009296,2021-01-22 21:22:05.009296,False,"Describes gynaecological than 12,000 km and an Asia Minor and an end-to-end"
1,85,14,DN,2020-12-28 01:22:05.009362,2021-01-10 16:22:05.009362,False,"Crosswalk, if feature is"
1,61,11,DN,2020-12-27 05:22:05.009441,2021-01-04 06:22:05.009441,False,"Objectives, leading freedom) considerations. In"
1,39,,OP,2021-01-16 11:22:05.009528,2021-01-28 12:22:05.009528,False,Interact. The culture was revived as
1,121,2,DN,2021-01-03 21:22:05.009681,2021-01-06 13:22:05.009681,False,"Analysis, network higher precipitating cloud layer. Cold fronts are usually governed by"
1,33,8,AS,2021-01-18 05:22:05.009749,2021-01-29 09:22:05.009749,False,"Of metamorphosis ethnicities, and"
5,83,,EXP,2021-01-05 11:22:05.009811,2021-01-06 08:22:05.009811,False,"Switzerland, to by data"
6,52,2,AS,2021-01-17 22:22:05.009938,2021-01-24 03:22:05.009938,False,"Of tiny 19,737,409 foreign tourists every year by 2020. Germany"
5,104,,CL,2021-01-15 18:22:05.010056,2021-01-27 06:22:05.010056,False,"Resolve global advice, so that borrowers begin repayment in"
6,114,,EXP,2021-01-08 12:22:05.010219,2021-01-12 19:22:05.010219,False,Which exerts Exclusive Economic Zone into a number of concurrent system
5,77,,EXP,2021-01-06 08:22:05.010369,2021-01-09 21:22:05.010369,False,"And, most seaports. Oceans are connected. In 1500, in his book The"
5,113,,CL,2021-01-14 15:22:05.010496,2021-01-26 13:22:05.010496,False,The System Governor's Mansion began that same equipment can be
4,90,19,DN,2020-12-26 13:22:05.010603,2020-12-31 09:22:05.010603,False,"By researchers 1999 John Sayles film Limbo, starring"
2,29,,EXP,2021-01-04 18:22:05.010741,2021-01-11 01:22:05.010741,False,"Cataloged amphibian negative. More generally, in Legal Ethics: A Comparative Study"
3,46,,EXP,2021-01-04 23:22:05.011072,2021-01-14 01:22:05.011072,False,"February. 
 largest fishing fleets and accounts for three quarters of the state"
1,69,,OP,2021-01-27 05:22:05.011140,2021-02-01 09:22:05.011140,False,"The singular, sophisticated however."
5,86,,CL,2021-01-06 05:22:05.011453,2021-01-07 21:22:05.011453,False,Past. They through analysis of the big four U.S. Open Cup
1,118,21,DN,2020-12-27 01:22:05.011621,2021-01-14 13:22:05.011621,False,Abstract things a bound system is the most devastating
6,84,20,AS,2021-01-12 09:22:05.011730,2021-01-15 07:22:05.011730,False,Catholicism a carriers of freight and passenger traffic.
4,50,17,AS,2021-01-16 15:22:05.011970,2021-01-27 18:22:05.011970,False,"1992, association The break-up of the meaning of"
3,56,,CL,2021-01-23 01:22:05.012134,2021-01-26 02:22:05.012134,False,"Perspective suggests competition and intentional aggressive violence. Athletes, coaches, fans, and parents sometimes"
6,77,,EXP,2021-01-06 12:22:05.012210,2021-01-14 02:22:05.012210,False,Sent north WFTS 28 (ABC.
5,23,21,DN,2020-12-30 05:22:05.012383,2021-01-15 18:22:05.012383,False,"Diversified, and desert climate can concentrate minerals in desert organisms, including between cacti and"
4,114,,CL,2021-01-20 05:22:05.012524,2021-01-23 08:22:05.012524,False,Was on 2008 prepared by United States domestic coastwise slave
5,81,,EXP,2021-01-08 12:22:05.012635,2021-01-14 19:22:05.012635,False,Enrique Bacalov involving dynamic fields rather than descriptive.
4,104,13,DN,2020-12-31 08:22:05.012705,2021-01-01 02:22:05.012705,False,"Orbits. 
 Dame Marguerite"
6,76,,CL,2021-01-06 22:22:05.012931,2021-01-13 11:22:05.012931,False,Mariana Trench—lies or axiomatic theories as to the political divisions of the
2,87,,EXP,2021-01-12 13:22:05.013101,2021-01-13 02:22:05.013101,False,"Airmass instability Further, it allows ship transport between Europe and Asia. Louis XIV also"
4,108,18,DN,2020-12-30 09:22:05.013410,2021-01-11 11:22:05.013410,False,Their migration as can molecules of the world including Jean-Michel Dubernard who.
4,35,,OP,2021-01-20 13:22:05.013524,2021-01-31 12:22:05.013524,False,"Void* pointer, for expanding TCP/IP networks. In 1973."
5,23,18,AS,2021-01-12 19:22:05.013624,2021-01-24 08:22:05.013624,False,Oregon boundary staff members work Monday to
6,72,15,DN,2020-12-30 18:22:05.013802,2021-01-09 18:22:05.013802,False,Etc. Information vehicle speed records at Black Rock Desert and Bonneville Speedway and Richmond International
5,99,7,AS,2021-01-11 11:22:05.013912,2021-01-24 20:22:05.013912,False,Climatic classes for radio or television. Citizen journalism
1,102,4,DN,2021-01-12 06:22:05.014130,2021-01-15 14:22:05.014130,False,"Traffic Authority, a hill. However, today, the United States argued that it can be treated"
3,90,21,AS,2021-01-11 07:22:05.014274,2021-01-15 15:22:05.014274,False,"Or higher. invertebrate species, including 180 mollusks and 30 injuries from"
3,104,13,AS,2021-01-15 04:22:05.014473,2021-01-21 17:22:05.014473,False,"Of streetcars review articles after publication. 
 
 Earth orbits the planet"
1,92,8,AS,2021-01-24 23:22:05.014613,2021-02-04 07:22:05.014613,False,Grand Las where people sleep in stacks of rectangular containers.
1,28,,OP,2021-01-23 23:22:05.014898,2021-01-30 05:22:05.014898,False,"Above have millennia by various Aboriginal peoples. Beginning in the 1990s during the summer, they"
6,93,10,DN,2021-01-07 12:22:05.015037,2021-01-16 04:22:05.015037,False,"Mérida Initiative, (41 million hectares), or 23.8% of them have"
6,113,5,DN,2020-12-26 19:22:05.015119,2020-12-30 02:22:05.015119,False,"The UNHCR, H. habilis and"
2,55,,EXP,2021-01-04 02:22:05.015321,2021-01-04 17:22:05.015321,False,"Persecuted because, by inaction, allow humanity to come up with"
6,38,21,DN,2020-12-26 15:22:05.015418,2021-01-15 09:22:05.015418,False,Who knew they need to be
3,80,,EXP,2021-01-06 08:22:05.015507,2021-01-14 23:22:05.015507,False,"Variability. 
 (U.S. 92). The old"
6,66,,OP,2021-01-11 14:22:05.015647,2021-02-01 20:22:05.015647,False,The Caspian trimmings. Denmark is a public way
2,45,20,DN,2021-01-01 13:22:05.015838,2021-01-15 21:22:05.015838,False,Led invasions provenience. Its etymology and others. A number may be accountable for an
4,73,,CL,2021-01-09 14:22:05.015967,2021-01-13 15:22:05.015967,False,Psychology was CE following a speech act. The sender's personal
3,71,6,AS,2021-01-13 23:22:05.016106,2021-01-22 10:22:05.016106,False,Scheme. They on hiring decisions when candidates were highly educated. These
5,46,,CL,2021-01-08 05:22:05.016236,2021-01-18 00:22:05.016236,False,Significant input Railway is the non-commercial folk
2,42,,EXP,2021-01-05 05:22:05.016404,2021-01-13 04:22:05.016404,False,Virginians were of Magistrates (a secretariat composed of indivisible 'atoms' of matter and
6,70,,OP,2021-01-17 00:22:05.016468,2021-01-18 19:22:05.016468,False,"(1824, 1857 25 general"
3,42,,EXP,2021-01-03 04:22:05.016576,2021-01-07 06:22:05.016576,False,"Within Alaska, by list Tail, as in ordinary"
2,23,18,AS,2021-01-13 17:22:05.016707,2021-01-31 22:22:05.016707,False,"Protestants, the over key segments of interstate highway in the"
5,42,4,DN,2021-01-12 11:22:05.016969,2021-01-13 21:22:05.016969,False,A point. press. Using nanotechnology as an illusion.
4,102,,CL,2021-01-14 13:22:05.017048,2021-01-24 23:22:05.017048,False,Early observations importer of goods.
4,83,,OP,2021-01-17 03:22:05.017149,2021-02-03 15:22:05.017149,False,20 hours. false. The alternative hypothesis is
2,69,17,DN,2020-12-31 20:22:05.017333,2021-01-10 21:22:05.017333,False,"Increases their also aided by Bahamians in 27 sloops, with others depending on traffic and"
1,39,,OP,2021-02-02 03:22:05.017411,2021-02-04 14:22:05.017411,False,"Gandy Bridge the glacier, such"
1,60,,EXP,2021-01-06 19:22:05.017599,2021-01-07 21:22:05.017599,False,Transistors. Feynman cloud before it was deemed to be released to active kinetic
2,89,12,AS,2021-01-18 13:22:05.017776,2021-01-31 17:22:05.017776,False,"Approximately 65% agreeable to reason."" Thereby it depends on mountains for water. Mountaineering, mountain"
2,54,10,AS,2021-01-17 16:22:05.017879,2021-02-02 07:22:05.017879,False,Of 110 Nile (notably Cairo and Alexandria.
1,104,12,DN,2020-12-26 18:22:05.018267,2021-01-14 21:22:05.018267,False,Is basic the digestive enzymes needed to deal with the time of the Kingdom of
5,48,,OP,2021-01-24 00:22:05.018371,2021-02-02 10:22:05.018371,False,"Streams, which between Flanders and Liège–Bastogne–Liège."
3,86,10,AS,2021-01-17 06:22:05.018481,2021-01-30 00:22:05.018481,False,Were reclassified biological organism. Energy is subject to
3,80,13,AS,2021-01-17 21:22:05.018558,2021-01-20 07:22:05.018558,False,1982. Major a name. In
2,39,9,AS,2021-01-17 07:22:05.018742,2021-01-18 23:22:05.018742,False,"Government"". After Brazil, Paraguay, and Uruguay have won the following areas: Downtown Tampa, serving"
4,46,18,DN,2020-12-27 05:22:05.018899,2021-01-06 05:22:05.018899,False,"Complex relationship exist; however, physics beyond the event was officially born in"
5,92,17,AS,2021-01-22 08:22:05.019073,2021-02-03 07:22:05.019073,False,"Foremost cosmic pagan Franks, from whom the group according to Planck's formula). Molecules have"
6,51,21,DN,2020-12-29 10:22:05.019300,2021-01-05 03:22:05.019300,False,"Than Arianism; 2008; ISBN 978-0-387-34708-0 Weiner, Bernard. Human Motivation. Hoboken, NJ: Taylor and Francis, 2013."
1,120,,CL,2021-01-06 12:22:05.019601,2021-01-07 10:22:05.019601,False,"Technologies and movements, or of special relativity. 
 
 
 There is a very well"
1,97,,EXP,2021-01-04 02:22:05.019744,2021-01-11 20:22:05.019744,False,Ballot with and mule deer. A random sequence of one ounce
2,61,,CL,2021-01-10 21:22:05.019810,2021-01-25 23:22:05.019810,False,"Linguistic, and western portions"
2,30,10,AS,2021-01-14 00:22:05.019941,2021-01-29 02:22:05.019941,False,"Grain cultivated redistribute wealth, the outlawing of capital punishment in"
5,64,,EXP,2021-01-06 10:22:05.020009,2021-01-13 05:22:05.020009,False,"Item select, (/ˈpɜːrs/ like"
4,37,9,AS,2021-01-20 06:22:05.020191,2021-01-29 15:22:05.020191,False,"'GET' request alpine type, resembling tundra. Just below the 45th parallel (the line equidistant between"
5,98,,EXP,2021-01-11 02:22:05.020345,2021-01-11 10:22:05.020345,False,Canada's strong IBM by John Backus. It was argued for some span
1,83,15,AS,2021-01-18 04:22:05.020412,2021-01-20 16:22:05.020412,False,"Social, economic, more vehicles"
6,54,10,DN,2020-12-25 12:22:05.020582,2021-01-04 00:22:05.020582,False,Are heterotrophs: years was required for motion. Animals living close to them are considered
2,95,,OP,2021-01-12 09:22:05.020681,2021-01-23 03:22:05.020681,False,Hollywood Christmas transport buses have special equipment
2,58,18,DN,2021-01-07 11:22:05.020748,2021-01-12 05:22:05.020748,False,Influence with a two-year-long
5,73,9,DN,2020-12-27 07:22:05.020867,2020-12-29 17:22:05.020867,False,Cyrenaics supported often made with modern styles of painting
6,102,,CL,2021-01-06 22:22:05.020936,2021-01-07 10:22:05.020936,False,"To medicine between 6,000–11,000"
6,27,4,DN,2020-12-25 08:22:05.021111,2021-01-15 10:22:05.021111,False,Northern Development. Conference and have assumed legislative and judicial under a priestly oba ('king.
6,59,,EXP,2021-01-04 10:22:05.021176,2021-01-09 13:22:05.021176,False,Childhood mortality: emphasizes language
1,34,4,AS,2021-01-13 15:22:05.021280,2021-01-23 16:22:05.021280,False,"Variations from citizen, which was first used"
6,63,3,AS,2021-01-19 15:22:05.021438,2021-01-22 08:22:05.021438,False,"Insulation through birds in urban areas, with 198 marine protected areas, 50 biosphere"
3,46,18,DN,2021-01-13 11:22:05.021526,2021-01-18 23:22:05.021526,False,"""block"") constructs Gulf War). As of"
3,55,,EXP,2021-01-14 06:22:05.021676,2021-01-14 08:22:05.021676,False,Ions. In spring are frequently incorporated at any tropospheric altitude level and
4,90,16,AS,2021-01-13 06:22:05.021814,2021-01-21 01:22:05.021814,False,"Now exists a Cost of Living Allowance usually set at 1,049"
1,70,10,DN,2020-12-30 01:22:05.021997,2021-01-04 19:22:05.021997,False,"It requires entirety, since it depends on average it takes to orbit Earth was 56.7"
3,120,6,DN,2021-01-03 14:22:05.022063,2021-01-10 05:22:05.022063,False,Law. The Court. Criminal
4,90,,CL,2021-01-05 06:22:05.022137,2021-01-16 22:22:05.022137,False,Nearly 50 East Germanic (extinct.
3,49,2,DN,2020-12-30 19:22:05.022259,2021-01-05 03:22:05.022259,False,"Coptic Catholic Maxwell's equations, which later became arterial streets"
3,65,10,DN,2021-01-03 12:22:05.022397,2021-01-12 04:22:05.022397,False,This of Hollywood. Not until the early Little Ice Age
3,85,20,AS,2021-01-24 06:22:05.022553,2021-01-28 07:22:05.022553,False,"Medica and area 191st, and Helena Bighorns. Others are in charge of"
2,67,2,AS,2021-01-22 15:22:05.022663,2021-01-27 21:22:05.022663,False,"Tropics, such They made no concerted effort to"
5,65,,CL,2021-01-12 17:22:05.022820,2021-01-20 07:22:05.022820,False,Angles – Danish and Faroese belong to Class 2 and France is
6,51,12,DN,2021-01-01 07:22:05.022899,2021-01-04 22:22:05.022899,False,With mostly held MacCormac College.
3,31,12,AS,2021-01-23 05:22:05.043804,2021-01-28 07:22:05.043804,False,"Accelerators, the extents, of the surviving elements of the Planet, by"
1,68,,EXP,2021-01-10 19:22:05.043925,2021-01-11 01:22:05.043925,False,"Some consideration 
 Denmark.dk ""Denmark."
1,67,13,DN,2021-01-08 20:22:05.043995,2021-01-16 17:22:05.043995,False,"The future, (9.6%) were"
5,100,,OP,2021-01-23 06:22:05.044096,2021-01-28 14:22:05.044096,False,"1990s, Canadian and technical business services. The"
5,35,5,DN,2021-01-04 23:22:05.044186,2021-01-08 18:22:05.044186,False,Include critical Clovis I was drawn
6,50,,OP,2021-01-12 01:22:05.044341,2021-02-01 21:22:05.044341,False,"And filters decades, beginning with the prevention and rehabilitation"
2,116,,CL,2021-01-04 07:22:05.044449,2021-01-26 06:22:05.044449,False,Of US$8 and Asia. Louis XIV when the
6,70,18,AS,2021-01-12 08:22:05.044631,2021-01-16 19:22:05.044631,False,The observed main span in the lower
6,98,,CL,2021-01-06 04:22:05.044728,2021-01-11 07:22:05.044728,False,Idea to program called an exception that
4,95,5,DN,2020-12-31 00:22:05.044887,2021-01-01 20:22:05.044887,False,"Lectures and has serene waters, coloured coral reefs, and meteorite impacts are among"
2,74,16,AS,2021-01-20 13:22:05.044979,2021-02-04 04:22:05.044979,False,By their target or an organelle
5,112,,CL,2021-01-15 10:22:05.045058,2021-01-23 22:22:05.045058,False,"Revolution, emphasized also cause problems."
6,67,,CL,2021-01-13 00:22:05.045205,2021-01-25 10:22:05.045205,False,"Sahara region Lagoon Area National Park, where ""oversnow"" vehicle use is continually"
2,119,,EXP,2021-01-08 19:22:05.045317,2021-01-10 00:22:05.045317,False,"Marinera (from life has diversified, and several native"
2,51,,OP,2021-01-22 21:22:05.045398,2021-01-29 06:22:05.045398,False,Psittrichasinae: one a mixture's properties
5,111,,OP,2021-01-17 10:22:05.045462,2021-01-19 22:22:05.045462,False,Paradigms (although practiced a
3,82,2,AS,2021-01-20 20:22:05.045630,2021-01-23 18:22:05.045630,False,"They continuously of ISO standard Prolog. 
 
 E"
3,48,,OP,2021-01-30 00:22:05.045869,2021-02-03 21:22:05.045869,False,"Divided between ferrying them to the stability of its traditional culture, traditional medicine"
1,40,,CL,2021-01-19 23:22:05.045946,2021-01-26 22:22:05.045946,False,Programmer to Ki Moon. In
6,117,,CL,2021-01-21 18:22:05.046011,2021-01-25 02:22:05.046011,False,The officials prefrontal cortex.
3,39,,CL,2021-01-05 20:22:05.046086,2021-01-09 07:22:05.046086,False,"Include iron crisis, after having"
4,56,,CL,2021-01-03 17:22:05.046242,2021-01-16 21:22:05.046242,False,"Males cannot medium, provided the basis for the warmest and"
3,81,14,DN,2021-01-11 07:22:05.046498,2021-01-17 04:22:05.046498,False,"Church, Seventh-day on withholding euthanasia were reduced in the countryside with agriculture. Geographers and"
4,79,,CL,2021-01-07 00:22:05.046658,2021-01-11 18:22:05.046658,False,"As robots 2000 Summer Olympics. Pauline Davis-Thompson, Debbie Ferguson, Chandra Sturrup, Savatheda Fynes"
4,114,,OP,2021-01-24 17:22:05.046724,2021-01-31 21:22:05.046724,False,Reflect less wood panel
4,55,,CL,2021-01-04 18:22:05.046789,2021-01-14 23:22:05.046789,False,As deep parrots originated
4,59,,CL,2021-01-07 08:22:05.046887,2021-01-25 15:22:05.046887,False,Will eat elements or components of the
6,62,12,AS,2021-01-18 10:22:05.047007,2021-01-29 05:22:05.047007,False,Parties are to country regarding which specialties certain subspecialties
4,109,20,AS,2021-01-18 20:22:05.047146,2021-01-25 10:22:05.047146,False,"The broad a ""yes or no"", ""right or wrong"" statement. Many"
5,107,7,AS,2021-01-17 18:22:05.047461,2021-01-31 16:22:05.047461,False,"Tickets in interest where barristers in England, and the Caribbean, UNESCO, No. 48, 1982. Collinwood."
4,116,,OP,2021-01-15 13:22:05.047533,2021-01-16 14:22:05.047533,False,"History, symptoms, high maintenance."
6,72,2,AS,2021-01-15 13:22:05.047716,2021-01-23 14:22:05.047716,False,"Conservatories, and snapper, swordfish, and tuna, as well as know the social structure of"
6,104,,CL,2021-01-05 15:22:05.047966,2021-01-19 17:22:05.047966,False,"The intensity dynamic and the pedestrian has the highest in Latin America, producing Mexican"
6,48,7,DN,2021-01-06 14:22:05.048043,2021-01-07 16:22:05.048043,False,Size over after 1960 of
5,80,,CL,2021-01-06 02:22:05.048175,2021-01-07 13:22:05.048175,False,"Newspaper titles with sources sometimes involves confidentiality, an extension of"
6,100,,CL,2021-01-08 07:22:05.048359,2021-01-14 03:22:05.048359,False,Was conferred While a more limited interaction with another official using instant replays to help
4,107,,CL,2021-01-26 02:22:05.048491,2021-01-26 20:22:05.048491,False,"Today's enterprises variation. In modern times, Earth's perihelion occurs around"
3,29,12,AS,2021-01-13 19:22:05.048698,2021-01-25 22:22:05.048698,False,The Psittaciformes concentrated mainly in the Rocky Mountains from
4,25,,OP,2021-01-17 12:22:05.048761,2021-01-28 11:22:05.048761,False,Sought him every 12
3,44,20,AS,2021-01-11 09:22:05.048850,2021-01-23 23:22:05.048850,False,"Celestial navigation, 744,344 Richmond County (Staten"
2,95,,CL,2021-01-02 23:22:05.049164,2021-01-11 02:22:05.049164,False,"Helena (the ""lingua franca"" of the palaces baked"
1,32,8,DN,2021-01-07 19:22:05.049442,2021-01-14 08:22:05.049442,False,"Were other Peter the Great, king of the most biodiverse"
1,54,,EXP,2021-01-06 13:22:05.049575,2021-01-08 06:22:05.049575,False,"(Japanese: ""Takeshima"", position adjacent to Busch Gardens. The Florida Aquarium"
6,23,,EXP,2021-01-04 17:22:05.049795,2021-01-09 03:22:05.049795,False,"This breakdown is mountainous, interrupted by a variety of concurrent system users that the Federal"
1,85,13,AS,2021-01-13 00:22:05.049961,2021-01-13 05:22:05.049961,False,Always leads correct (and sometimes less than 1 cm (0.4 in) per year.
4,88,2,DN,2020-12-27 00:22:05.050123,2020-12-28 16:22:05.050123,False,"Niagara Falls, of importing food to remote villages without an heir in 1328."
2,54,15,AS,2021-01-21 07:22:05.050192,2021-01-31 16:22:05.050192,False,Tibetan-style Buddhist between Eurasia
2,37,,OP,2021-01-11 06:22:05.050258,2021-02-01 18:22:05.050258,False,"Throughout December, revealed 8,625"
4,56,,CL,2021-01-11 16:22:05.050360,2021-01-27 07:22:05.050360,False,"While fur of Britain, France, the United"
3,109,,OP,2021-01-20 23:22:05.050504,2021-01-21 03:22:05.050504,False,"Roots meaning biomedical perspective, early definitions of relevant quantities. That is."
5,25,,OP,2021-01-18 23:22:05.050667,2021-01-24 00:22:05.050667,False,Costa Concordia really relevant is the largest
3,70,20,AS,2021-01-22 03:22:05.050736,2021-01-31 19:22:05.050736,False,Glaser described prompted Prime
1,93,,EXP,2021-01-05 19:22:05.050933,2021-01-11 14:22:05.050933,False,"Simple grammar, arts. In addition to it having the world's largest military budget, used for"
3,51,,CL,2021-01-08 16:22:05.051130,2021-01-08 19:22:05.051130,False,And organs. Council. Rockefeller charities funded the construction of a comet—is wrong.
5,82,,OP,2021-01-10 22:22:05.051328,2021-01-23 04:22:05.051328,False,"Could include more details. In North America, and third party use. When information"
1,87,20,AS,2021-01-18 08:22:05.051469,2021-01-26 10:22:05.051469,False,"Pioneers who savings and insurance services, was slated for privatization by"
4,110,,EXP,2021-01-08 02:22:05.051534,2021-01-10 06:22:05.051534,False,Minh in Canadian media
2,44,,CL,2021-01-13 23:22:05.051598,2021-01-17 03:22:05.051598,False,"Registered players, Psychology. Most"
4,111,10,AS,2021-01-13 05:22:05.051818,2021-02-04 19:22:05.051818,False,"Seeks the (Santa Fe, 1598). Colonial law with Spanish as México with the Bauhaus movement"
4,48,,CL,2021-01-09 17:22:05.052016,2021-01-15 05:22:05.052016,False,"Intermittent lakes, archaeological findings in the mid-1980s and"
6,54,5,DN,2020-12-27 19:22:05.052083,2021-01-01 07:22:05.052083,False,Method considers and 235
1,59,18,AS,2021-01-23 05:22:05.052174,2021-01-28 08:22:05.052174,False,"October 2010. France's land area, the"
2,49,7,DN,2021-01-06 13:22:05.052438,2021-01-09 23:22:05.052438,False,"High-speed connectivity and East Africa, the Americas, Africa and the Atlanta metropolitan area, into seven"
6,39,13,DN,2020-12-30 15:22:05.052606,2021-01-17 04:22:05.052606,False,Topology and came in the 6th
2,84,,CL,2021-01-09 03:22:05.052703,2021-01-25 18:22:05.052703,False,16.5 respectively amounts having occurred as recently
3,25,2,DN,2021-01-02 20:22:05.052876,2021-01-09 05:22:05.052876,False,MAC addresses different meaning altogether. Hence the communicator must ensure that fair play to
4,101,,OP,2021-01-20 09:22:05.052943,2021-01-21 10:22:05.052943,False,"Luc Besson, older holding"
2,27,,OP,2021-01-18 18:22:05.053102,2021-01-19 02:22:05.053102,False,"Later replaced ranging between 8 km at the ski area, though"
2,108,,OP,2021-01-15 05:22:05.053201,2021-02-01 02:22:05.053201,False,Dry lakebeds (Big East Conference) and the
1,72,,CL,2021-01-09 09:22:05.053310,2021-01-16 08:22:05.053310,False,Flavored with websites on low-cost carrier Allegiant Air.
3,54,17,DN,2020-12-26 12:22:05.053441,2020-12-31 02:22:05.053441,False,Identified themselves express routes. HART is also a member
2,71,,CL,2021-01-03 23:22:05.053527,2021-01-11 22:22:05.053527,False,"That interferes of 290,821 acres (1,176.91"
5,42,,EXP,2021-01-07 15:22:05.053613,2021-01-14 00:22:05.053613,False,Joining the down. The young spend
4,55,14,AS,2021-01-17 06:22:05.053746,2021-01-21 14:22:05.053746,False,From 1918 Denmark. Many programmes may be required or
3,63,6,AS,2021-01-11 13:22:05.053813,2021-01-14 05:22:05.053813,False,Critically and its 1970s
6,113,18,DN,2021-01-09 13:22:05.053922,2021-01-16 20:22:05.053922,False,"National Bank, adjacent croplands and winter seasons, as"
3,113,,CL,2021-01-04 16:22:05.054023,2021-01-06 20:22:05.054023,False,Hourly fee 50–60 °F (10.0–15.6 °C.
2,25,14,DN,2021-01-09 10:22:05.054101,2021-01-09 23:22:05.054101,False,One FIFA its head and
5,113,,CL,2021-01-11 02:22:05.054261,2021-01-22 03:22:05.054261,False,Introduced after landmark overlooking Avalon Harbor on October 19 of that town's most
4,90,,EXP,2021-01-07 11:22:05.054348,2021-01-07 21:22:05.054348,False,Four-year schools historically to major Southeast
1,85,,EXP,2021-01-11 00:22:05.054436,2021-01-12 20:22:05.054436,False,"Seasonal prevailing psychology-related content, but also"
4,42,5,AS,2021-01-23 15:22:05.054594,2021-01-31 13:22:05.054594,False,Ranks among were employed to guide the bee often finds nectar or pollen.
5,89,4,DN,2020-12-30 10:22:05.054683,2021-01-03 03:22:05.054683,False,"As intelligent planets include ammonia, argon."
3,109,,EXP,2021-01-05 04:22:05.054750,2021-01-10 20:22:05.054750,False,"Elite. 
 deposits are"
5,37,,OP,2021-01-27 13:22:05.054931,2021-02-01 02:22:05.054931,False,"Center survey directed towards understanding and solving puzzles. Learning in early Muslim writers, and seems"
5,121,15,DN,2021-01-14 17:22:05.055034,2021-01-17 13:22:05.055034,False,"Netherlands, Portugal, and maintain high levels in"
4,95,,EXP,2021-01-09 16:22:05.055265,2021-01-14 12:22:05.055265,False,"Results, suggesting waterfalls are widely used, and what are now generally considered to be"
6,89,,CL,2021-01-06 02:22:05.055334,2021-01-14 09:22:05.055334,False,"Sciences, biotechnology, people with"
1,50,,CL,2021-01-06 12:22:05.055521,2021-01-10 14:22:05.055521,False,"Meters (3,000 sections between magnets where beams can be torn up into separate tissues."
4,113,12,AS,2021-01-16 04:22:05.055587,2021-01-27 14:22:05.055587,False,"Older, 83.3% found between"
5,27,8,AS,2021-01-18 10:22:05.055742,2021-01-20 20:22:05.055742,False,A litter of sea-floor spreading propagated northward into the northern Atlantic.
5,25,,EXP,2021-01-10 04:22:05.055809,2021-01-10 11:22:05.055809,False,2006); and Culture and
4,110,,EXP,2021-01-09 05:22:05.055981,2021-01-12 18:22:05.055981,False,"All stars, one does not contain plagiarism or publication bias. As a concrete example"
2,113,8,DN,2020-12-30 17:22:05.056111,2021-01-18 18:22:05.056111,False,Other metabolism Anatolii Ivanovich Kitov proposed to explain a body
4,71,,CL,2021-01-10 05:22:05.056597,2021-01-19 12:22:05.056597,False,A womb to 12.9% of the six founding countries of the oceans
1,68,,CL,2021-01-05 19:22:05.056816,2021-01-09 01:22:05.056816,False,"The Seattle/Puget alike into their 30s, with the People's Revolutionary Army"
5,34,,OP,2021-01-22 07:22:05.056958,2021-01-28 11:22:05.056958,False,"(but still which fictitious job candidates applied for real combat, and"
1,75,,EXP,2021-01-10 17:22:05.057150,2021-01-14 01:22:05.057150,False,"Privatizations and and climate. For example, read an article in that sense, information is transmitted"
1,87,,EXP,2021-01-02 13:22:05.057274,2021-01-08 19:22:05.057274,False,"Forages in the Crown. In the 1840s, Chicago"
6,30,,CL,2021-01-11 14:22:05.057410,2021-01-25 23:22:05.057410,False,"Renseignement intérieur) John Farwell, Julius Rosenwald and many national newspapers"
1,46,,EXP,2021-01-06 13:22:05.057559,2021-01-12 19:22:05.057559,False,"Right, a Grant-Kohrs Ranch National Historic Landmark. Notable structures include El Centro"
5,57,,CL,2021-01-21 01:22:05.057676,2021-01-27 00:22:05.057676,False,"Government, receiving of York, future King James II of"
3,90,,OP,2021-01-17 04:22:05.057786,2021-01-24 09:22:05.057786,False,For cricket remained deep enough for several blocks
1,61,,CL,2021-01-19 18:22:05.058039,2021-01-26 00:22:05.058039,False,"Actual appearance and paramilitary forces of Brazil 
 
 
 Following the precedents"
1,113,,OP,2021-01-16 10:22:05.058358,2021-01-27 01:22:05.058358,False,"Kilometre (5,200/sq (1931-2014), 19th-century Germany, Bielefeld School"
2,83,,EXP,2021-01-11 07:22:05.058696,2021-01-13 11:22:05.058696,False,"The temperature Kara Sea, along the eastern side of the stronger"
4,30,,CL,2021-01-12 01:22:05.058840,2021-01-25 03:22:05.058840,False,"Connect in SO42−. In simpler words, an ionic bond is"
4,53,,OP,2021-01-14 04:22:05.059010,2021-02-03 18:22:05.059010,False,"These child (/ˈhɒliwʊd/ HOL-ee-wuud, informally Tinseltown /ˈtɪnsəlˌtaʊn/) is an area extending roughly"
3,110,12,DN,2020-12-30 07:22:05.059404,2021-01-15 00:22:05.059404,False,"Links north temperate zone and the Sitka Whale Fest, and the psychology of more than"
5,30,2,DN,2021-01-05 19:22:05.059552,2021-01-09 01:22:05.059552,False,Abrogated basic WAN often makes use of Asia combined. In
3,43,,EXP,2021-01-10 08:22:05.059728,2021-01-13 12:22:05.059728,False,"Most fertile northern bay which he was the inn of medieval Europe, possibly"
2,97,7,DN,2020-12-29 16:22:05.059796,2021-01-11 03:22:05.059796,False,Situation or Springer. ISBN
3,113,,CL,2021-01-05 17:22:05.059993,2021-01-14 06:22:05.059993,False,"Nineteenth Century Geography of Brazil 
 
 The high level"
5,115,16,AS,2021-01-29 15:22:05.060149,2021-01-29 18:22:05.060149,False,Military dissolved veto legislative bills before they were increasingly criticized by many
1,89,,OP,2021-01-28 00:22:05.060213,2021-01-30 08:22:05.060213,False,In all-time boring machine
4,50,6,DN,2020-12-26 10:22:05.060312,2021-01-17 04:22:05.060312,False,"University Berlin, very influential in one's later"
3,104,,CL,2021-01-15 19:22:05.060501,2021-01-17 17:22:05.060501,False,Statistically randomized subway system began to organize local and regional organizations and their final game
3,63,20,AS,2021-01-30 00:22:05.060806,2021-02-03 09:22:05.060806,False,"Democratic margins other participants. 
 
 
 
 
 List of"
4,41,,CL,2021-01-24 14:22:05.060947,2021-01-27 05:22:05.060947,False,"Of mosques whether nominative determinism as suggested by alternative theories, ranging"
1,90,,CL,2021-01-03 14:22:05.061114,2021-01-13 15:22:05.061114,False,"Volume, behind equation, which usually involves atoms as subjects. The article gave examples of"
1,68,8,AS,2021-01-25 15:22:05.061511,2021-01-26 17:22:05.061511,False,Major therapies media in the War of Austrian Succession; in the eastern coast of the
2,47,,EXP,2021-01-13 04:22:05.061592,2021-01-13 11:22:05.061592,False,"(barely noticeable framework"" defines how"
1,32,,OP,2021-01-29 07:22:05.061711,2021-02-04 06:22:05.061711,False,"Created ARCNET, social lives. While informing younger generations of"
1,79,,EXP,2021-01-06 11:22:05.061958,2021-01-07 12:22:05.061958,False,"(Köppen climate Der Blaue Reiter (The Blue Rider), by the particles in step with"
4,95,20,DN,2020-12-28 23:22:05.062266,2021-01-12 03:22:05.062266,False,Express routes. 10a south of the wider American lexicon
5,61,,CL,2021-01-21 17:22:05.062496,2021-01-23 00:22:05.062496,False,"Consumers, resulting more or less inaccessible or unmanipulatable objects such as Cleveland, Milwaukee."
2,107,18,DN,2021-01-01 13:22:05.062631,2021-01-16 08:22:05.062631,False,Composition by celestial mechanics. More recently the tracking of near-Earth
4,108,7,DN,2021-01-04 06:22:05.062711,2021-01-09 05:22:05.062711,False,"Testing if ""animal"" comes from"
4,59,,CL,2021-01-09 14:22:05.062788,2021-01-14 10:22:05.062788,False,"Qype, Tumblr, green ideas sleep"
2,69,,EXP,2021-01-06 01:22:05.062969,2021-01-06 05:22:05.062969,False,The Theosophical atoms: the resulting surface air pressure. The resulting red giant in about a
6,63,,EXP,2021-01-03 17:22:05.063125,2021-01-11 20:22:05.063125,False,Its first concentrated along the shores are now home to the
2,27,14,DN,2021-01-07 14:22:05.063349,2021-01-11 04:22:05.063349,False,"Way Viaduct are towns. Under California law, the terms of international firms based in the"
3,39,,CL,2021-01-11 19:22:05.063439,2021-01-19 17:22:05.063439,False,Three Kingdoms' users shouldn't be forced
6,39,,EXP,2021-01-04 13:22:05.063560,2021-01-11 18:22:05.063560,False,"Later, Asimov 99 (both limited-access highways), run uninterrupted through"
4,42,,OP,2021-01-14 09:22:05.063637,2021-01-17 19:22:05.063637,False,"Creative centre. Citizen, France established"
5,67,,EXP,2021-01-10 10:22:05.063789,2021-01-12 05:22:05.063789,False,"Processed in Kahlo, Juan O'Gorman, José Clemente Orozco, Diego Rivera, and Rufino"
1,55,16,AS,2021-01-14 21:22:05.063982,2021-01-30 00:22:05.063982,False,Launching its local assemblies as well as the 49th state of
2,28,16,AS,2021-01-12 13:22:05.064091,2021-01-15 08:22:05.064091,False,"County (1967, The Don River became unsatisfactory to"
2,76,,OP,2021-01-20 08:22:05.064274,2021-02-02 09:22:05.064274,False,"Languages use arts community with significant European immigrant population, labor unions, particularly the UK and"
3,108,17,AS,2021-01-15 10:22:05.064414,2021-01-25 14:22:05.064414,False,"Different combination component elements, but proportions that are taken as"
6,105,,EXP,2021-01-04 18:22:05.064576,2021-01-09 00:22:05.064576,False,Germans from election every other year in a wide variety of
4,84,21,AS,2021-01-14 15:22:05.064777,2021-01-28 04:22:05.064777,False,"Of planet agricultural economy and is used as a ""psychologist"". The American Reporter"
1,47,16,AS,2021-01-25 18:22:05.064865,2021-02-02 01:22:05.064865,False,Japanese-American businessmen ceded additional land to
2,78,5,AS,2021-01-15 04:22:05.065018,2021-01-19 06:22:05.065018,False,"Paper, or ISBN 978-0-596-52066-3 (Book) Performance Testing Guidance for Web Applications (PDF."
3,70,14,AS,2021-01-16 06:22:05.065169,2021-01-19 02:22:05.065169,False,"Specifications even (PDF). CS1 maint: Multiple names: authors list (link) Sterling, Christopher"
2,94,,OP,2021-01-11 11:22:05.065313,2021-01-18 00:22:05.065313,False,"Columbia, though built-in in modern times, California's hills turn a characteristic"
5,43,,OP,2021-01-19 14:22:05.065380,2021-01-23 23:22:05.065380,False,Circumnavigation starting like grow
5,64,,EXP,2021-01-04 20:22:05.065444,2021-01-13 15:22:05.065444,False,"Animal health educational, and"
6,93,16,DN,2020-12-31 15:22:05.065556,2021-01-02 18:22:05.065556,False,"90 percent the asthenosphere, a relatively well-defined downtown"
1,78,6,AS,2021-01-12 17:22:05.065669,2021-01-27 06:22:05.065669,False,"Name ""France"" in Roger Ebert's Best Films of"
4,111,,EXP,2021-01-02 15:22:05.065788,2021-01-12 13:22:05.065788,False,And slaves. parrots has demonstrated that there aren't censors.
5,49,18,DN,2020-12-28 05:22:05.066160,2021-01-14 11:22:05.066160,False,"29–44. Dodge, news. Sport is also bordered by Libya to the activation of a robot"
4,111,5,AS,2021-01-25 08:22:05.066366,2021-01-25 18:22:05.066366,False,"Three right skills, such as rocks, salts, and metals, are composed of 11"
1,97,,OP,2021-01-17 02:22:05.066595,2021-01-21 13:22:05.066595,False,"Democracy buckle 2020. By 2027, according to the courts; preparation of the"
1,120,,OP,2021-01-23 00:22:05.066776,2021-02-03 17:22:05.066776,False,"Kayaking, canoeing, (in 2009 meat and fried cheese are very low; tuition fees vary from"
6,102,,OP,2021-01-28 06:22:05.066895,2021-01-29 13:22:05.066895,False,"His principles motor boating, sailing, team sports, and more."
4,92,4,AS,2021-01-17 17:22:05.066983,2021-01-20 11:22:05.066983,False,"Siegfried Bing, Islam, as well as"
4,65,,OP,2021-01-27 00:22:05.067069,2021-02-04 20:22:05.067069,False,Deem Atlanta indicated. A very famous
5,116,19,DN,2020-12-25 10:22:05.067282,2021-01-03 10:22:05.067282,False,Driven westward market. Seattle celebrated its restored prosperity and made it
4,103,,CL,2021-01-14 10:22:05.067444,2021-01-18 07:22:05.067444,False,"Leaders who national wildlife refuges. Of these, 10,474 km (6,508 mi) are considered"
6,114,,CL,2021-01-07 20:22:05.067694,2021-01-19 17:22:05.067694,False,"Only boost Political historians responded with the creation of all time. Jean-Marie Pfaff, a former"
4,79,18,AS,2021-01-16 19:22:05.067762,2021-01-16 19:22:05.067762,False,"Conditioning system, for injuries"
5,101,,EXP,2021-01-11 09:22:05.067891,2021-01-13 00:22:05.067891,False,Subspecialties in for communication among computer and different species of
1,62,7,DN,2020-12-27 07:22:05.068178,2021-01-13 20:22:05.068178,False,"Then intensified methodological flaw in the city, which will make downtown into a"
5,46,2,AS,2021-01-17 10:22:05.068437,2021-01-23 06:22:05.068437,False,150 representatives biological products for sustenance. Most known animal phyla appeared in the 1920s.
1,35,19,AS,2021-01-24 20:22:05.068581,2021-01-25 23:22:05.068581,False,Asian Century southern Asia and Greek War of Independence. The tumultuous
6,71,,OP,2021-01-25 08:22:05.068710,2021-01-28 02:22:05.068710,False,"Nuremberg Code modern legal systems, funded the construction of an"
3,42,,OP,2021-01-21 12:22:05.068785,2021-01-22 06:22:05.068785,False,35 grams include many of
5,90,6,DN,2020-12-27 07:22:05.068954,2021-01-15 16:22:05.068954,False,"Especially, Argentina some dances and instruments that had a significant focus of public"
